<?xml version="1.0" encoding="utf-8"?>
<labels xmlns="http://mulan.sourceforge.net/labels">
<label name="PDOC00154"></label>
<label name="PDOC00343"></label>
<label name="PDOC00271"></label>
<label name="PDOC00064"></label>
<label name="PDOC00791"></label>
<label name="PDOC00380"></label>
<label name="PDOC50007"></label>
<label name="PDOC00224"></label>
<label name="PDOC00100"></label>
<label name="PDOC00670"></label>
<label name="PDOC50002"></label>
<label name="PDOC50106"></label>
<label name="PDOC00561"></label>
<label name="PDOC50017"></label>
<label name="PDOC50003"></label>
<label name="PDOC50006"></label>
<label name="PDOC50156"></label>
<label name="PDOC00662"></label>
<label name="PDOC00018"></label>
<label name="PDOC50001"></label>
<label name="PDOC00014"></label>
<label name="PDOC00750"></label>
<label name="PDOC50196"></label>
<label name="PDOC50199"></label>
<label name="PDOC00660"></label>
<label name="PDOC00653"></label>
<label name="PDOC00030"></label>
</labels>
