<?xml version="1.0" encoding="UTF-8"?>
<project-private xmlns="http://www.netbeans.org/ns/project-private/1">
    <editor-bookmarks xmlns="http://www.netbeans.org/ns/editor-bookmarks/2" lastBookmarkId="0"/>
    <open-files xmlns="http://www.netbeans.org/ns/projectui-open-files/2">
        <group>
            <file>file:/D:/MEGA/TFM/Metrics%20GUI/src/metrics/metrics.java</file>
            <file>file:/D:/MEGA/TFM/Metrics%20GUI/src/metrics/RunApp.java</file>
            <file>file:/D:/MEGA/TFM/Metrics%20GUI/src/metrics/util.java</file>
            <file>file:/D:/MEGA/TFM/Metrics%20GUI/src/preprocess/FeatureSelector.java</file>
            <file>file:/D:/MEGA/TFM/Metrics%20GUI/src/metrics/atributo.java</file>
        </group>
    </open-files>
</project-private>
